_id,language
10892,.cs
1332,go
1861,py
12986,cpp
8694,java
4855,go
12223,c
3396,cpp
803,cpp
11587,cpp
9826,java
1817,js
9730,java
867,.cs
2580,php
12261,go
5821,go
11018,java
9221,go
12559,py
5112,js
8986,go
10079,py
1614,py
3963,js
5645,cpp
3286,py
4586,js
6319,go
4618,go
13054,.cs
6841,cpp
95,go
4155,go
6299,java
7733,cpp
3991,js
11537,py
7807,java
12028,.cs
2257,.cs
11986,go
8411,go
10711,py
7878,java
1952,java
5936,.cs
2525,java
7159,py
188,go
11685,php
5181,cpp
12526,go
9740,java
8111,java
969,cpp
12824,go
373,cpp
8331,js
9461,js
2060,py
1354,py
4412,py
8108,cpp
4022,js
2779,go
5946,rb
1290,cpp
4367,js
4272,go
10097,py
1478,php
6025,go
1120,cpp
6131,.cs
11433,java
2926,c
1560,java
4499,go
4910,js
12734,cpp
9435,js
3724,go
11893,java
7437,.cs
7034,py
369,go
4981,py
2540,py
12416,go
7938,go
4479,py
5396,go
6815,go
11712,py
2700,java
2550,java
12272,java
1989,cpp
7404,java
5280,rb
7207,py
7236,java
8771,py
12966,go
10026,py
4625,go
12912,py
2054,js
2421,php
9847,rb
2057,py
11874,c
7099,php
6940,py
4498,go
8938,php
6621,py
1452,go
4808,java
7893,java
3670,js
10442,.cs
8417,py
4805,php
2142,java
10177,c
6560,c
12471,py
3548,cpp
1205,rb
4302,py
9433,go
5730,java
2866,py
2046,py
7973,py
5829,.cs
1774,.cs
319,.cs
10283,py
6810,go
7831,c
3603,php
8604,java
11828,py
7660,go
9404,php
1254,java
7460,rb
913,java
1987,java
3549,cpp
411,java
5350,py
10988,js
7257,java
11909,py
6660,c
12282,js
1977,.cs
11813,java
3797,js
6070,c
4982,java
5030,java
1632,py
1393,java
9184,go
10220,.cs
13027,java
7101,go
6647,php
10870,c
10024,php
5858,java
5874,go
448,go
9526,py
2262,js
10863,java
12226,py
4954,go
11434,c
10473,rb
10219,go
5332,py
5407,java
5580,go
10536,py
10834,c
10154,go
2328,rb
2150,go
7592,go
6710,js
3216,rb
139,py
5685,cpp
7380,java
9642,go
5472,go
1638,py
7716,go
10260,rb
5865,java
579,py
12005,cpp
5751,cpp
10229,py
11075,rb
8666,java
2979,js
5935,php
7735,rb
6584,java
5549,java
12164,py
12159,java
1280,go
8615,cpp
983,c
4151,js
2774,cpp
8014,cpp
8182,c
5460,js
10644,php
6403,rb
1692,go
9432,go
11913,py
2795,js
8567,cpp
170,py
5434,go
9122,js
7153,cpp
5117,java
1500,py
4345,php
5973,cpp
3595,java
11504,py
1412,c
8999,py
12476,rb
10313,go
3504,go
3341,cpp
5636,js
3270,java
9185,py
8484,js
5207,go
2675,js
11752,go
3703,js
5835,c
492,go
7409,py
9630,py
12384,java
6812,php
11493,js
8324,c
6609,.cs
7656,cpp
5008,go
10102,java
2208,java
8379,py
831,py
1784,java
4002,rb
12861,go
12250,.cs
13035,js
7945,go
3836,go
10018,go
3230,go
6054,php
4881,java
4449,py
6424,php
10479,go
11655,go
11174,js
1295,js
5091,go
8954,py
11707,go
6499,py
6213,py
9792,c
12856,.cs
6215,java
1173,js
6987,js
4086,py
7724,java
12849,go
4862,py
8768,cpp
8514,php
11207,.cs
12575,py
8169,java
11030,js
10088,php
9095,java
3344,java
583,java
2299,go
12361,js
9869,java
9798,java
217,go
9727,js
5622,py
6957,c
7898,py
4392,php
8193,php
9175,c
11094,rb
8948,js
9897,c
3598,rb
11943,py
8507,c
1503,go
5626,go
1842,go
2111,js
4938,go
7075,go
12659,.cs
3757,php
11260,py
4782,java
7678,cpp
1892,go
1795,c
3154,py
2236,java
292,js
2477,php
1640,js
5611,php
743,go
12788,go
873,go
10167,cpp
10389,py
9670,go
7565,js
11967,py
5679,java
2533,go
4297,java
167,java
11217,py
41,js
8800,php
3035,cpp
2399,php
5173,java
1980,go
9821,py
10116,java
3016,java
5550,java
6606,java
6364,php
11365,go
6528,go
2068,go
11137,py
11573,java
7343,go
2412,java
8852,php
10697,php
3537,go
11313,go
949,go
3318,go
7659,go
8245,cpp
11399,py
63,py
5990,c
2346,rb
1867,java
7666,py
10974,py
3378,.cs
10234,cpp
3207,go
12266,go
11901,py
6179,java
683,js
7518,go
12015,py
8831,java
10689,rb
2002,java
8764,.cs
10557,cpp
5392,py
1526,go
4045,py
8933,go
4048,.cs
3608,py
10687,java
10861,py
6226,php
5329,py
5179,.cs
6869,py
5773,py
4921,php
7536,py
11463,go
5397,py
11976,js
8896,php
8069,js
1679,php
9277,py
8563,go
3519,py
276,py
1829,.cs
11173,.cs
10233,go
7326,php
2339,cpp
6297,php
5081,cpp
4951,go
2704,go
10131,go
9894,py
10999,js
5556,go
2470,js
6515,java
10084,php
9307,c
4960,py
6247,py
5424,c
2185,c
678,py
8726,rb
748,go
4011,java
8361,py
12854,js
8030,c
9600,cpp
11001,go
7897,go
2965,py
4797,java
798,java
5912,php
5866,js
8953,.cs
9628,js
661,cpp
9045,cpp
4096,py
7387,py
10224,java
548,rb
3666,rb
7178,c
6370,java
12946,php
1360,c
11043,.cs
2748,js
7390,cpp
8163,php
12750,go
1553,java
993,py
2437,java
7100,js
9542,c
3251,java
5577,.cs
1367,py
9667,java
12264,cpp
1722,js
11787,js
4558,java
12243,java
5454,go
12074,py
2039,go
4456,.cs
9830,py
4733,py
9739,go
5583,py
1662,.cs
11562,php
516,js
3429,cpp
962,py
3565,java
3590,.cs
3886,py
1357,java
6942,.cs
12821,py
10262,php
12451,js
7654,py
2864,go
7281,go
9004,rb
10916,cpp
12658,c
6774,go
10564,py
12838,py
8223,cpp
5704,java
2711,py
7895,go
12962,py
2523,go
8195,go
2121,rb
9988,py
282,java
6997,py
4240,java
1895,java
2168,cpp
9695,py
10159,.cs
4017,py
2379,py
10253,java
5284,py
12500,.cs
8871,py
5609,go
161,go
9117,go
7248,go
92,py
8385,java
5607,java
8060,go
12540,rb
4747,.cs
7680,py
770,py
3371,c
10742,java
3938,go
8087,py
2400,java
5535,cpp
6094,cpp
2679,.cs
1735,java
4197,.cs
2188,go
4242,c
6163,cpp
4275,java
575,java
10294,cpp
1209,py
2720,java
13047,cpp
1626,py
7591,py
5827,.cs
8524,py
2465,py
5940,java
11299,py
3192,py
11297,go
9993,py
8321,go
8929,java
7102,py
4598,go
9419,cpp
4340,py
4453,py
11000,js
8120,php
3489,go
3801,py
11947,js
11444,js
9119,go
2419,py
12847,go
5905,cpp
4593,py
5682,go
11713,py
3384,php
7500,cpp
4595,cpp
4810,php
7351,c
9836,py
11832,py
6238,java
4236,java
3460,py
9605,go
9070,go
10903,py
2861,go
12779,php
1865,rb
8033,py
1255,java
1882,go
11776,py
1491,go
11613,py
10373,py
12308,py
7367,js
4413,java
9180,java
6253,php
2104,py
7319,rb
42,py
8478,py
307,go
6407,php
11223,py
1528,cpp
4845,php
12203,go
12868,js
5587,js
9474,cpp
1005,.cs
5766,py
9015,js
2821,py
6561,py
9607,js
8872,java
5330,cpp
10463,php
9608,cpp
4166,go
1924,py
3785,.cs
1180,py
12855,.cs
3769,go
8709,java
12058,c
1403,.cs
9202,.cs
102,java
11054,py
4723,py
1931,go
191,go
4196,go
7030,php
11349,cpp
10744,py
8635,js
1035,java
9566,.cs
12421,cpp
5342,js
7270,go
10810,rb
4336,go
7206,py
3842,java
8447,js
11795,js
12522,php
10754,java
2255,php
5093,java
9319,java
1990,js
2352,java
4300,php
4846,.cs
9467,go
12433,.cs
6340,rb
8072,cpp
9444,cpp
6522,java
6540,go
3461,java
9028,go
10060,py
930,go
8642,go
6980,cpp
8091,py
10567,java
5856,java
5270,go
436,go
12256,go
10215,py
679,go
7475,py
1558,js
3560,js
3905,java
2910,go
10099,py
7365,cpp
6541,py
1386,js
6242,go
8268,java
12633,php
561,py
1933,cpp
10758,cpp
3133,js
10128,php
4033,py
11228,py
6068,java
11182,py
12009,go
11881,go
5308,cpp
9337,php
7018,py
2195,go
7841,go
12830,py
759,cpp
1313,cpp
10938,go
2754,py
6482,py
8833,java
654,cpp
3420,php
9452,py
1782,py
7832,py
11486,java
4478,php
11844,py
6977,go
7761,js
5147,py
11271,go
2287,.cs
9764,java
9871,go
783,py
3761,py
9687,js
4916,py
8974,cpp
2024,cpp
10773,java
3663,go
12961,py
2251,c
13083,java
1316,cpp
1411,cpp
8835,cpp
2577,js
2509,php
4685,php
5899,c
3447,py
8482,go
3612,go
656,py
4623,py
4552,py
2007,py
8391,py
12394,go
9599,.cs
5639,php
11318,py
1984,java
11140,java
10786,java
4104,go
11464,js
5461,.cs
9673,py
11514,php
451,py
6581,java
6057,py
6233,java
790,java
4811,c
703,py
11180,go
9834,java
11586,go
3404,py
4540,java
2933,cpp
4390,go
10775,py
1144,php
1605,py
3169,cpp
569,py
5758,js
3291,py
10887,go
9622,java
9783,.cs
7032,cpp
458,cpp
4039,php
13045,go
9487,go
9247,go
1247,.cs
8021,rb
7817,java
7961,cpp
1111,go
1919,py
5436,java
12620,java
5148,py
10678,py
11949,cpp
1442,java
7022,java
11368,java
8018,go
11843,go
12566,.cs
6951,go
1543,py
11477,py
8355,go
7117,py
4117,py
10527,cpp
2769,go
3281,php
11390,java
2338,c
4610,py
22,go
2931,php
4481,php
339,java
1926,py
10597,java
9130,py
5684,go
8354,php
2370,py
3720,cpp
9161,cpp
5851,php
11822,php
1271,py
7192,cpp
11887,js
2608,py
2210,py
4642,php
5225,go
4527,cpp
5151,js
11131,go
13031,java
6650,go
8269,php
1438,java
4816,go
2515,go
7778,java
6128,js
919,go
12206,.cs
9425,java
1951,java
11744,py
10381,cpp
4416,.cs
4764,java
3467,go
8722,c
2990,java
10357,php
9872,cpp
3329,.cs
10587,rb
7865,java
6356,java
2302,go
1133,php
1203,cpp
9517,go
1748,py
11798,go
10437,cpp
10082,java
12142,py
3876,py
9380,java
2005,java
12993,js
500,java
8167,py
7555,cpp
8810,go
1243,py
1074,java
8238,js
5593,py
8711,py
7322,js
7863,js
2532,js
3273,php
637,cpp
12817,go
11550,py
2066,cpp
10209,js
1150,go
5948,py
3455,java
279,js
10446,java
2894,php
3811,rb
2916,go
4934,java
8644,py
11769,go
8712,py
11416,go
4970,java
10666,js
2029,py
12853,py
1639,go
10376,php
5525,go
9355,java
10014,cpp
5247,go
6377,cpp
7316,php
11495,java
6273,go
